{"cameraMode":{"drawMode":0,"name":"Shaded","section":"Shading Mode"},"sceneLighting":true,"audioPlay":false,"sceneViewState":{"m_AlwaysRefresh":false,"showFog":true,"showSkybox":true,"showFlares":true,"showImageEffects":true,"showParticleSystems":true,"showVisualEffectGraphs":true,"m_FxEnabled":true},"in2DMode":false,"pivot":{"x":386.53717041015627,"y":195.56793212890626,"z":183.58876037597657},"rotation":{"x":0.30417531728744509,"y":0.1280895322561264,"z":-0.041333574801683429,"w":0.9430935382843018},"size":103.64514923095703,"orthographic":true}