{"cameraMode":{"drawMode":0,"name":"Shaded","section":"Shading Mode"},"sceneLighting":true,"audioPlay":false,"sceneViewState":{"m_AlwaysRefresh":false,"showFog":true,"showSkybox":true,"showFlares":true,"showImageEffects":true,"showParticleSystems":true,"showVisualEffectGraphs":true,"m_FxEnabled":true},"in2DMode":false,"pivot":{"x":456.57720947265627,"y":161.97747802734376,"z":577.7181396484375},"rotation":{"x":0.15785157680511475,"y":0.07693646848201752,"z":-0.012361315079033375,"w":0.9844182729721069},"size":353.3417663574219,"orthographic":true}