{"cameraMode":{"drawMode":0,"name":"Shaded","section":"Shading Mode"},"sceneLighting":true,"audioPlay":false,"sceneViewState":{"m_AlwaysRefresh":false,"showFog":true,"showSkybox":true,"showFlares":true,"showImageEffects":true,"showParticleSystems":true,"showVisualEffectGraphs":true,"m_FxEnabled":true},"in2DMode":false,"pivot":{"x":187.40785217285157,"y":76.63066101074219,"z":230.0378875732422},"rotation":{"x":0.30613404512405398,"y":0.17153669893741609,"z":-0.05620986595749855,"w":0.9347548484802246},"size":39.43654251098633,"orthographic":true}