{"cameraMode":{"drawMode":0,"name":"Shaded","section":"Shading Mode"},"sceneLighting":false,"audioPlay":false,"sceneViewState":{"m_AlwaysRefresh":false,"showFog":true,"showSkybox":false,"showFlares":true,"showImageEffects":true,"showParticleSystems":true,"showVisualEffectGraphs":true,"m_FxEnabled":true},"in2DMode":false,"pivot":{"x":240.72999572753907,"y":129.49998474121095,"z":-189.32000732421876},"rotation":{"x":0.12377282977104187,"y":-0.08028819411993027,"z":0.010045899078249932,"w":0.9890300631523132},"size":8.564230918884278,"orthographic":true}