{"cameraMode":{"drawMode":0,"name":"Shaded","section":"Shading Mode"},"sceneLighting":false,"audioPlay":false,"sceneViewState":{"m_AlwaysRefresh":false,"showFog":true,"showSkybox":false,"showFlares":true,"showImageEffects":true,"showParticleSystems":true,"showVisualEffectGraphs":true,"m_FxEnabled":true},"in2DMode":false,"pivot":{"x":190.39999389648438,"y":34.775184631347659,"z":83.4000015258789},"rotation":{"x":0.1752726435661316,"y":0.15727294981479646,"z":-0.028393495827913286,"w":0.9714944362640381},"size":19.73653793334961,"orthographic":true}