{"cameraMode":{"drawMode":0,"name":"Shaded","section":"Shading Mode"},"sceneLighting":false,"audioPlay":false,"sceneViewState":{"m_AlwaysRefresh":false,"showFog":true,"showSkybox":false,"showFlares":true,"showImageEffects":true,"showParticleSystems":true,"showVisualEffectGraphs":true,"m_FxEnabled":true},"in2DMode":false,"pivot":{"x":4.76837158203125e-7,"y":-0.000006198883056640625,"z":-0.000001430511474609375},"rotation":{"x":0.1429293006658554,"y":-0.2163667380809784,"z":0.03202749788761139,"w":0.9652908444404602},"size":7.797755241394043,"orthographic":true}